CDC 2000 growth charts,Length (cm),,,,,,"Height (HT, cm)",,,,,,"Weight (WT, kg)",,,,,,"Body Mass Index (BMI, kg/m2)",,,,,,"Head Circumference (HC, cm)",,,,,
Age,,Male,,,Female,,,Male,,,Female,,,Male,,,Female,,,Male,,,Female,,,Male,,,Female,
(years),L,M,S,L,M,S,L,M,S,L,M,S,L,M,S,L,M,S,L,M,S,L,M,S,L,M,S,L,M,S
0.00,1.267004226,49.98888408,0.0531121908,-1.295960857,49.28639612,0.0500855601,,,,,,,1.82,3.5,0.152,1.51,3.4,0.142,,,,,,,4.427825037,35.81366835,0.052172542,-1.298749689,34.7115617,0.046905108
0.04,0.5112376962,52.6959753,0.0486926838,-0.809249882,51.68358057,0.0468185454,,,,,,,1.55,4.0,0.146,1.36,3.8,0.138,,,,,,,4.310927464,37.19361054,0.047259148,-1.440271514,36.03453876,0.042999604
0.13,-0.45224446,56.62842855,0.0441168302,-0.050782985,55.28612813,0.0434439,,,,,,,1.07,4.9,0.136,1.11,4.5,0.132,,,,,,,3.869576802,39.20742929,0.040947903,-1.581016348,37.97671987,0.038067862
0.21,-0.990594599,59.60895343,0.0417955825,0.4768514065,58.09381906,0.0417161032,,,,,,,0.70,5.7,0.130,0.90,5.2,0.127,,,,,,,3.305593039,40.65233195,0.037027722,-1.593136386,39.3801263,0.035079612
0.29,-1.285837689,62.07700027,0.0404541256,0.8432996117,60.45980763,0.0407051733,,,,,,,0.42,6.4,0.125,0.73,5.9,0.123,,,,,,,2.720590297,41.76516959,0.034364245,-1.521492427,40.46773733,0.033096443
0.38,-1.43031238,64.2168641,0.0396338789,1.097562257,62.53669656,0.0400797646,,,,,,,0.22,7.0,0.121,0.59,6.4,0.120,,,,,,,2.16804824,42.66116148,0.032462175,-1.394565915,41.34841008,0.03170963
0.46,-1.47657547,66.1253149,0.0391238128,1.272509641,64.40632762,0.0396868449,,,,,,,0.08,7.6,0.118,0.46,7.0,0.117,,,,,,,1.675465689,43.40488731,0.031064702,-1.231713389,42.0833507,0.030709039
0.54,-1.456837849,67.8601799,0.0388119944,1.390428859,66.11841553,0.0394445547,,,,,,,-0.02,8.2,0.116,0.35,7.5,0.115,,,,,,,1.255160322,44.03609923,0.03002267,-1.046582628,42.71033603,0.029974303
0.63,-1.391898768,69.45908458,0.0386332091,1.466733925,67.70574419,0.0393047376,,,,,,,-0.09,8.6,0.115,0.25,7.9,0.113,,,,,,,0.91054114,44.58096912,0.029242173,-0.848932692,43.25428882,0.029430992
0.71,-1.29571459,70.94803912,0.0385468328,1.512301976,69.19123614,0.0392371101,,,,,,,-0.13,9.1,0.113,0.16,8.3,0.111,,,,,,,0.639510474,45.05761215,0.028660454,-0.645779124,43.73249646,0.029030379
0.79,-1.177919048,72.34586111,0.0385262623,1.534950767,70.59163924,0.0392216648,,,,,,,-0.16,9.5,0.112,0.07,8.7,0.110,,,,,,,0.436978864,45.4790756,0.0282336,-0.442165412,44.15742837,0.028739112
0.88,-1.045326049,73.6666541,0.038553387,1.540390875,71.91961673,0.0392446716,,,,,,,-0.17,9.8,0.111,-0.01,9.0,0.109,,,,,,,0.296275856,45.85505706,0.027929764,-0.24163206,44.53836794,0.028533537
0.96,-0.902800887,74.92129717,0.0386155012,1.532852892,73.1850104,0.0392964203,,,,,,,-0.18,10.2,0.111,-0.09,9.4,0.108,,,,,,,0.210107251,46.19295427,0.027725179,-0.046673786,44.88240562,0.028396382
1.04,-0.753908107,76.11837536,0.0387034611,1.51550947,74.39564379,0.0393698746,,,,,,,-0.18,10.5,0.110,-0.16,9.7,0.107,,,,,,,0.171147024,46.49853438,0.027601686,0.141031094,45.19507651,0.028314722
1.13,-0.601263523,77.26479911,0.0388105571,1.490765028,75.5578544,0.0394598321,,,,,,,-0.18,10.7,0.110,-0.22,9.9,0.106,,,,,,,0.172393886,46.77637684,0.027545148,0.320403169,45.48078147,0.028278682
1.21,-0.446805039,78.36622309,0.0389317838,1.460458255,76.67685871,0.0395623818,,,,,,,-0.17,11.0,0.109,-0.29,10.2,0.106,,,,,,,0.207371541,47.03017599,0.027544382,0.490807133,45.74307527,0.028280585
1.29,-0.291974772,79.4273405,0.0390633563,1.426006009,77.75700986,0.0396745415,,,,,,,-0.16,11.2,0.109,-0.35,10.4,0.105,,,,,,,0.270226126,47.2629533,0.027590417,0.65193505,45.98486901,0.028314363
1.38,-0.13784767,80.45209492,0.0392023816,1.388507095,78.80198406,0.0397940102,,,,,,,-0.16,11.4,0.109,-0.40,10.7,0.105,,,,,,,0.355757274,47.47720989,0.02767598,0.803718086,46.20857558,0.028375159
1.46,0.014776155,81.44383603,0.0393466285,1.348818127,79.81491852,0.0399189943,,,,,,,-0.15,11.6,0.108,-0.46,10.9,0.105,,,,,,,0.459407627,47.67503833,0.027795115,0.946259679,46.41621635,0.028459033
1.54,0.1653041691,82.40543643,0.0394943647,1.307609654,80.79851532,0.0400480838,,,,,,,-0.15,11.8,0.108,-0.51,11.1,0.105,,,,,,,0.577227615,47.85820606,0.0279429,1.079784984,46.60950084,0.028562759
1.63,0.3133018086,83.33938063,0.0396442379,1.265408149,81.75512092,0.0401801621,,,,,,,-0.15,12.0,0.108,-0.56,11.3,0.105,,,,,,,0.705826778,48.02821867,0.028115241,1.204602687,46.78988722,0.028683666
1.71,0.4584554707,84.24783394,0.0397951891,1.222627732,82.6867881,0.0403143396,,,,,,,-0.16,12.1,0.108,-0.60,11.5,0.106,,,,,,,0.842319055,48.18636864,0.028308707,1.321076285,46.95862881,0.028819525
1.79,0.6005446308,85.13269658,0.0399463877,1.179594365,83.59532461,0.040449904,,,,,,,-0.17,12.3,0.108,-0.64,11.6,0.106,,,,,,,0.984266833,48.3337732,0.028520407,1.429602576,47.11681039,0.028968459
1.88,0.7394389526,85.9956488,0.0400971806,1.136564448,84.48233206,0.0405862829,,,,,,,-0.18,12.5,0.108,-0.68,11.8,0.106,,,,,,,1.129626698,48.47140432,0.028747896,1.530595677,47.26537682,0.029128879
1.96,0.8750004465,86.8381751,0.0402470597,1.093731947,85.34923624,0.0407230154,0.88,86.0,0.040,1.09,84.6,0.041,-0.20,12.6,0.108,-0.72,12.0,0.107,-2.04,16.6,0.081,-0.95,16.5,0.086,1.276691223,48.60011223,0.028989089,1.624475262,47.40515585,0.029299426
2.04,1.00720807,87.66160934,0.0403956257,1.051272912,86.1973169,0.0408597268,1.01,86.9,0.040,1.05,85.4,0.041,-0.22,12.7,0.108,-0.75,12.1,0.108,-1.98,16.5,0.080,-1.02,16.4,0.085,1.42,48.7,0.029,1.71,47.5,0.029
2.13,0.8372513507,88.45247282,0.0405775247,1.041951175,87.09026318,0.0411421607,0.84,87.7,0.041,1.04,86.3,0.041,-0.24,12.9,0.108,-0.78,12.3,0.108,-1.92,16.5,0.079,-1.10,16.3,0.084,1.57,48.8,0.030,1.79,47.7,0.030
2.21,0.681492975,89.22326434,0.0407231216,1.012592236,87.95714182,0.0413493986,0.68,88.4,0.041,1.01,87.2,0.041,-0.27,13.0,0.108,-0.81,12.4,0.109,-1.87,16.4,0.078,-1.18,16.3,0.083,1.72,48.9,0.030,1.87,47.8,0.030
2.29,0.5387796541,89.97549228,0.0408331942,0.9705419086,88.7960184,0.041500428,0.54,89.2,0.041,0.97,88.0,0.042,-0.30,13.2,0.109,-0.84,12.6,0.110,-1.81,16.4,0.078,-1.27,16.2,0.083,1.86,49.0,0.030,1.94,47.9,0.030
2.38,0.4076971531,90.71040853,0.0409090589,0.9211299875,89.6055115,0.0416105082,0.41,89.9,0.041,0.92,88.8,0.042,-0.33,13.3,0.109,-0.87,12.7,0.111,-1.75,16.3,0.077,-1.35,16.1,0.082,2.00,49.1,0.030,2.00,48.0,0.030
2.46,0.2867624533,91.42907762,0.0409524329,0.8682213922,90.38476689,0.0416917614,0.29,90.6,0.041,0.87,89.6,0.042,-0.36,13.4,0.109,-0.89,12.9,0.112,-1.69,16.3,0.076,-1.44,16.1,0.081,2.13,49.2,0.031,2.06,48.1,0.030
2.54,0.1744894848,92.13242379,0.0409653301,0.8145441296,91.13341722,0.0417536804,0.17,91.3,0.041,0.81,90.3,0.042,-0.40,13.6,0.109,-0.91,13.0,0.113,-1.64,16.2,0.075,-1.53,16.0,0.081,2.26,49.3,0.031,2.12,48.2,0.031
2.63,0.0694445205,92.82127167,0.0409499758,0.7619579771,91.8515436,0.0418035615,0.07,92.0,0.041,0.76,91.1,0.042,-0.43,13.7,0.110,-0.94,13.2,0.114,-1.59,16.2,0.075,-1.63,15.9,0.080,2.39,49.4,0.031,2.17,48.3,0.031
2.71,-0.029720564,93.49637946,0.0409087367,0.7116602284,92.5396352,0.0418468815,-0.03,92.7,0.041,0.71,91.7,0.042,-0.47,13.8,0.110,-0.96,13.3,0.115,-1.55,16.2,0.074,-1.72,15.9,0.080,2.51,49.5,0.032,2.21,48.4,0.031
2.79,-0.124251789,94.15846546,0.0408440616,0.6643233788,93.19854429,0.041887626,-0.12,93.4,0.041,0.66,92.4,0.042,-0.51,14.0,0.110,-0.97,13.5,0.116,-1.51,16.1,0.074,-1.81,15.8,0.080,2.63,49.5,0.032,2.26,48.4,0.031
2.88,-0.215288396,94.80822923,0.0407584307,0.6202851017,93.82945392,0.0419285678,-0.22,94.0,0.041,0.62,93.0,0.042,-0.55,14.1,0.111,-0.99,13.6,0.117,-1.47,16.1,0.073,-1.91,15.8,0.079,2.75,49.6,0.032,2.30,48.5,0.032
2.96,-0.30385434,95.44636981,0.0406543122,0.57955631,94.43382278,0.0419715144,-0.30,94.6,0.041,0.58,93.6,0.042,-0.59,14.3,0.111,-1.01,13.8,0.118,-1.44,16.0,0.073,-2.00,15.7,0.079,2.86,49.7,0.032,2.33,48.6,0.032
3.00,,,,,,,,,,,,,,,,,,,,,,,,,2.910932095,49.68393611,0.032653934,2.35,48.6,0.032
3.04,,,,,,,-0.39,95.3,0.041,0.54,94.2,0.042,-0.62,14.4,0.112,-1.02,13.9,0.119,-1.42,16.0,0.073,-2.10,15.7,0.079,,,,,,
3.13,,,,,,,-0.25,95.9,0.041,0.51,94.8,0.042,-0.66,14.5,0.112,-1.04,14.1,0.121,-1.40,16.0,0.072,-2.19,15.7,0.078,,,,,,
3.21,,,,,,,-0.13,96.5,0.041,0.48,95.4,0.042,-0.69,14.7,0.113,-1.05,14.2,0.122,-1.40,15.9,0.072,-2.28,15.6,0.078,,,,,,
3.29,,,,,,,0.00,97.2,0.041,0.46,95.9,0.042,-0.72,14.9,0.114,-1.07,14.4,0.123,-1.39,15.9,0.072,-2.37,15.6,0.078,,,,,,
3.38,,,,,,,0.11,97.8,0.041,0.43,96.5,0.042,-0.75,15.0,0.114,-1.08,14.6,0.124,-1.40,15.9,0.072,-2.46,15.5,0.078,,,,,,
3.46,,,,,,,0.22,98.4,0.041,0.40,97.1,0.043,-0.78,15.2,0.115,-1.09,14.7,0.125,-1.42,15.8,0.072,-2.54,15.5,0.078,,,,,,
3.54,,,,,,,0.33,99.0,0.041,0.38,97.6,0.043,-0.80,15.3,0.115,-1.11,14.9,0.126,-1.44,15.8,0.071,-2.62,15.5,0.078,,,,,,
3.63,,,,,,,0.42,99.6,0.041,0.35,98.2,0.043,-0.83,15.5,0.116,-1.12,15.0,0.127,-1.47,15.8,0.071,-2.70,15.4,0.078,,,,,,
3.71,,,,,,,0.52,100.2,0.041,0.33,98.8,0.043,-0.85,15.6,0.117,-1.13,15.2,0.128,-1.50,15.7,0.071,-2.77,15.4,0.078,,,,,,
3.79,,,,,,,0.60,100.8,0.041,0.30,99.3,0.043,-0.87,15.8,0.118,-1.14,15.4,0.129,-1.55,15.7,0.072,-2.84,15.4,0.078,,,,,,
3.88,,,,,,,0.68,101.4,0.041,0.28,99.9,0.043,-0.89,16.0,0.118,-1.15,15.5,0.130,-1.60,15.7,0.072,-2.90,15.3,0.078,,,,,,
3.96,,,,,,,0.76,101.9,0.041,0.25,100.5,0.043,-0.90,16.1,0.119,-1.17,15.7,0.131,-1.65,15.7,0.072,-2.96,15.3,0.078,,,,,,
4.04,,,,,,,0.83,102.5,0.041,0.23,101.0,0.043,-0.92,16.3,0.120,-1.18,15.9,0.132,-1.71,15.6,0.072,-3.02,15.3,0.079,,,,,,
4.13,,,,,,,0.89,103.1,0.041,0.20,101.6,0.043,-0.93,16.5,0.121,-1.19,16.0,0.133,-1.78,15.6,0.072,-3.07,15.3,0.079,,,,,,
4.21,,,,,,,0.95,103.6,0.042,0.17,102.2,0.043,-0.94,16.7,0.122,-1.20,16.2,0.134,-1.85,15.6,0.072,-3.12,15.3,0.079,,,,,,
4.29,,,,,,,1.00,104.2,0.042,0.15,102.7,0.044,-0.95,16.8,0.122,-1.21,16.4,0.134,-1.92,15.6,0.073,-3.16,15.2,0.080,,,,,,
4.38,,,,,,,1.05,104.8,0.042,0.12,103.3,0.044,-0.96,17.0,0.123,-1.22,16.6,0.135,-2.00,15.5,0.073,-3.20,15.2,0.080,,,,,,
4.46,,,,,,,1.10,105.3,0.042,0.10,103.9,0.044,-0.96,17.2,0.124,-1.23,16.7,0.136,-2.08,15.5,0.073,-3.23,15.2,0.080,,,,,,
4.54,,,,,,,1.13,105.9,0.042,0.08,104.5,0.044,-0.97,17.4,0.125,-1.24,16.9,0.137,-2.16,15.5,0.073,-3.26,15.2,0.081,,,,,,
4.63,,,,,,,1.17,106.4,0.042,0.05,105.0,0.044,-0.98,17.6,0.126,-1.25,17.1,0.138,-2.23,15.5,0.074,-3.28,15.2,0.081,,,,,,
4.71,,,,,,,1.20,107.0,0.042,0.03,105.6,0.044,-0.98,17.7,0.127,-1.26,17.3,0.138,-2.31,15.5,0.074,-3.30,15.2,0.082,,,,,,
4.79,,,,,,,1.22,107.5,0.042,0.01,106.2,0.044,-0.99,17.9,0.127,-1.26,17.5,0.139,-2.39,15.5,0.075,-3.32,15.2,0.082,,,,,,
4.88,,,,,,,1.24,108.1,0.042,-0.02,106.8,0.044,-0.99,18.1,0.128,-1.27,17.7,0.140,-2.47,15.4,0.075,-3.33,15.2,0.083,,,,,,
4.96,,,,,,,1.26,108.6,0.042,-0.04,107.4,0.044,-1.00,18.3,0.129,-1.28,17.8,0.140,-2.54,15.4,0.076,-3.34,15.2,0.084,,,,,,
5.04,,,,,,,1.27,109.2,0.043,-0.06,108.0,0.044,-1.00,18.5,0.130,-1.29,18.0,0.141,-2.62,15.4,0.076,-3.35,15.2,0.084,,,,,,
5.13,,,,,,,1.27,109.7,0.043,-0.08,108.5,0.044,-1.01,18.7,0.131,-1.29,18.2,0.142,-2.68,15.4,0.076,-3.35,15.1,0.085,,,,,,
5.21,,,,,,,1.28,110.3,0.043,-0.10,109.1,0.044,-1.01,18.9,0.132,-1.30,18.4,0.143,-2.75,15.4,0.077,-3.35,15.1,0.086,,,,,,
5.29,,,,,,,1.28,110.8,0.043,-0.11,109.7,0.044,-1.02,19.1,0.132,-1.31,18.6,0.143,-2.81,15.4,0.078,-3.35,15.1,0.086,,,,,,
5.38,,,,,,,1.27,111.3,0.043,-0.13,110.3,0.045,-1.02,19.2,0.133,-1.31,18.8,0.144,-2.87,15.4,0.078,-3.34,15.2,0.087,,,,,,
5.46,,,,,,,1.27,111.9,0.043,-0.15,110.9,0.045,-1.03,19.4,0.134,-1.32,19.0,0.145,-2.93,15.4,0.079,-3.34,15.2,0.088,,,,,,
5.54,,,,,,,1.26,112.4,0.043,-0.16,111.5,0.045,-1.04,19.6,0.135,-1.32,19.2,0.145,-2.98,15.4,0.079,-3.33,15.2,0.089,,,,,,
5.63,,,,,,,1.24,113.0,0.043,-0.17,112.1,0.045,-1.04,19.8,0.135,-1.32,19.4,0.146,-3.03,15.4,0.080,-3.31,15.2,0.089,,,,,,
5.71,,,,,,,1.23,113.5,0.043,-0.18,112.7,0.045,-1.05,20.0,0.136,-1.32,19.5,0.147,-3.07,15.4,0.080,-3.30,15.2,0.090,,,,,,
5.79,,,,,,,1.21,114.0,0.043,-0.19,113.3,0.045,-1.06,20.2,0.137,-1.33,19.7,0.147,-3.11,15.4,0.081,-3.28,15.2,0.091,,,,,,
5.88,,,,,,,1.19,114.6,0.044,-0.20,113.8,0.045,-1.07,20.4,0.138,-1.33,19.9,0.148,-3.15,15.4,0.082,-3.27,15.2,0.092,,,,,,
5.96,,,,,,,1.16,115.1,0.044,-0.21,114.4,0.045,-1.08,20.6,0.138,-1.33,20.1,0.149,-3.18,15.4,0.082,-3.25,15.2,0.093,,,,,,
6.04,,,,,,,1.14,115.7,0.044,-0.22,115.0,0.045,-1.09,20.8,0.139,-1.33,20.3,0.150,-3.21,15.4,0.083,-3.23,15.2,0.094,,,,,,
6.13,,,,,,,1.11,116.2,0.044,-0.22,115.6,0.045,-1.10,21.0,0.140,-1.33,20.5,0.150,-3.24,15.4,0.084,-3.20,15.2,0.095,,,,,,
6.21,,,,,,,1.08,116.7,0.044,-0.23,116.2,0.045,-1.11,21.2,0.141,-1.32,20.7,0.151,-3.26,15.4,0.084,-3.18,15.2,0.096,,,,,,
6.29,,,,,,,1.05,117.3,0.044,-0.23,116.7,0.045,-1.12,21.4,0.141,-1.32,20.9,0.152,-3.28,15.4,0.085,-3.16,15.3,0.097,,,,,,
6.38,,,,,,,1.02,117.8,0.044,-0.23,117.3,0.045,-1.13,21.6,0.142,-1.32,21.2,0.153,-3.29,15.4,0.086,-3.13,15.3,0.098,,,,,,
6.46,,,,,,,0.99,118.3,0.044,-0.24,117.9,0.045,-1.15,21.8,0.143,-1.31,21.4,0.153,-3.31,15.4,0.087,-3.11,15.3,0.098,,,,,,
6.54,,,,,,,0.95,118.9,0.044,-0.23,118.4,0.045,-1.16,22.0,0.143,-1.31,21.6,0.154,-3.31,15.4,0.087,-3.08,15.3,0.099,,,,,,
6.63,,,,,,,0.92,119.4,0.044,-0.23,119.0,0.045,-1.17,22.2,0.144,-1.30,21.8,0.155,-3.32,15.4,0.088,-3.06,15.3,0.100,,,,,,
6.71,,,,,,,0.89,119.9,0.044,-0.23,119.6,0.045,-1.18,22.4,0.145,-1.30,22.0,0.156,-3.33,15.5,0.089,-3.03,15.4,0.101,,,,,,
6.79,,,,,,,0.85,120.5,0.044,-0.23,120.1,0.045,-1.20,22.6,0.145,-1.29,22.2,0.157,-3.33,15.5,0.090,-3.01,15.4,0.102,,,,,,
6.88,,,,,,,0.82,121.0,0.044,-0.22,120.7,0.045,-1.21,22.8,0.146,-1.28,22.4,0.158,-3.33,15.5,0.091,-2.98,15.4,0.103,,,,,,
6.96,,,,,,,0.79,121.5,0.044,-0.22,121.2,0.045,-1.22,23.0,0.147,-1.27,22.6,0.159,-3.33,15.5,0.091,-2.95,15.4,0.104,,,,,,
7.04,,,,,,,0.75,122.0,0.044,-0.21,121.8,0.045,-1.24,23.2,0.147,-1.27,22.9,0.160,-3.32,15.5,0.092,-2.93,15.5,0.105,,,,,,
7.13,,,,,,,0.72,122.6,0.044,-0.20,122.3,0.045,-1.25,23.4,0.148,-1.26,23.1,0.161,-3.32,15.5,0.093,-2.90,15.5,0.106,,,,,,
7.21,,,,,,,0.69,123.1,0.045,-0.19,122.8,0.046,-1.26,23.6,0.149,-1.25,23.3,0.162,-3.31,15.5,0.094,-2.87,15.5,0.107,,,,,,
7.29,,,,,,,0.66,123.6,0.045,-0.19,123.4,0.046,-1.27,23.8,0.149,-1.24,23.6,0.163,-3.30,15.6,0.095,-2.85,15.5,0.108,,,,,,
7.38,,,,,,,0.63,124.1,0.045,-0.18,123.9,0.046,-1.29,24.0,0.150,-1.23,23.8,0.164,-3.29,15.6,0.095,-2.82,15.6,0.109,,,,,,
7.46,,,,,,,0.60,124.6,0.045,-0.17,124.4,0.046,-1.30,24.2,0.151,-1.21,24.0,0.165,-3.28,15.6,0.096,-2.79,15.6,0.110,,,,,,
7.54,,,,,,,0.58,125.1,0.045,-0.15,124.9,0.046,-1.31,24.4,0.151,-1.20,24.3,0.166,-3.27,15.6,0.097,-2.77,15.6,0.111,,,,,,
7.63,,,,,,,0.55,125.6,0.045,-0.14,125.4,0.046,-1.32,24.6,0.152,-1.19,24.5,0.167,-3.26,15.7,0.098,-2.74,15.7,0.112,,,,,,
7.71,,,,,,,0.53,126.1,0.045,-0.13,125.9,0.046,-1.32,24.9,0.153,-1.18,24.7,0.168,-3.24,15.7,0.099,-2.72,15.7,0.113,,,,,,
7.79,,,,,,,0.51,126.6,0.045,-0.12,126.4,0.046,-1.33,25.1,0.154,-1.17,25.0,0.169,-3.23,15.7,0.100,-2.69,15.7,0.114,,,,,,
7.88,,,,,,,0.49,127.1,0.045,-0.11,126.9,0.046,-1.34,25.3,0.154,-1.15,25.2,0.170,-3.21,15.7,0.100,-2.67,15.8,0.115,,,,,,
7.96,,,,,,,0.47,127.6,0.045,-0.09,127.4,0.046,-1.35,25.5,0.155,-1.14,25.5,0.171,-3.20,15.8,0.101,-2.64,15.8,0.116,,,,,,
8.04,,,,,,,0.46,128.1,0.045,-0.08,127.8,0.046,-1.35,25.8,0.156,-1.13,25.8,0.172,-3.18,15.8,0.102,-2.62,15.8,0.117,,,,,,
8.13,,,,,,,0.44,128.6,0.045,-0.07,128.3,0.046,-1.36,26.0,0.157,-1.11,26.0,0.173,-3.17,15.8,0.103,-2.59,15.9,0.118,,,,,,
8.21,,,,,,,0.43,129.1,0.045,-0.05,128.8,0.046,-1.36,26.2,0.158,-1.10,26.3,0.174,-3.15,15.8,0.104,-2.57,15.9,0.119,,,,,,
8.29,,,,,,,0.42,129.6,0.045,-0.04,129.2,0.046,-1.36,26.4,0.158,-1.09,26.6,0.175,-3.13,15.9,0.105,-2.55,15.9,0.120,,,,,,
8.38,,,,,,,0.41,130.1,0.045,-0.02,129.7,0.046,-1.36,26.7,0.159,-1.07,26.8,0.177,-3.11,15.9,0.105,-2.52,16.0,0.121,,,,,,
8.46,,,,,,,0.41,130.5,0.046,-0.01,130.1,0.046,-1.36,26.9,0.160,-1.06,27.1,0.178,-3.10,15.9,0.106,-2.50,16.0,0.122,,,,,,
8.54,,,,,,,0.40,131.0,0.046,0.00,130.6,0.046,-1.36,27.2,0.161,-1.05,27.4,0.179,-3.08,16.0,0.107,-2.48,16.1,0.123,,,,,,
8.63,,,,,,,0.40,131.5,0.046,0.02,131.0,0.046,-1.36,27.4,0.162,-1.03,27.7,0.180,-3.06,16.0,0.108,-2.46,16.1,0.124,,,,,,
8.71,,,,,,,0.40,131.9,0.046,0.03,131.4,0.046,-1.36,27.7,0.163,-1.02,28.0,0.181,-3.04,16.0,0.109,-2.44,16.1,0.125,,,,,,
8.79,,,,,,,0.40,132.4,0.046,0.04,131.9,0.047,-1.36,27.9,0.164,-1.01,28.2,0.182,-3.03,16.1,0.109,-2.42,16.2,0.125,,,,,,
8.88,,,,,,,0.41,132.8,0.046,0.06,132.3,0.047,-1.35,28.2,0.165,-1.00,28.5,0.183,-3.01,16.1,0.110,-2.40,16.2,0.126,,,,,,
8.96,,,,,,,0.41,133.3,0.046,0.07,132.7,0.047,-1.35,28.4,0.166,-0.98,28.8,0.184,-2.99,16.1,0.111,-2.38,16.3,0.127,,,,,,
9.04,,,,,,,0.42,133.7,0.046,0.08,133.1,0.047,-1.34,28.7,0.167,-0.97,29.1,0.185,-2.97,16.2,0.112,-2.36,16.3,0.128,,,,,,
9.13,,,,,,,0.42,134.2,0.046,0.10,133.5,0.047,-1.33,28.9,0.168,-0.96,29.4,0.186,-2.95,16.2,0.112,-2.34,16.3,0.129,,,,,,
9.21,,,,,,,0.43,134.6,0.046,0.11,134.0,0.047,-1.32,29.2,0.169,-0.95,29.8,0.187,-2.94,16.2,0.113,-2.32,16.4,0.130,,,,,,
9.29,,,,,,,0.44,135.1,0.047,0.13,134.4,0.047,-1.32,29.5,0.170,-0.94,30.1,0.188,-2.92,16.3,0.114,-2.31,16.4,0.130,,,,,,
9.38,,,,,,,0.44,135.5,0.047,0.14,134.8,0.047,-1.31,29.8,0.171,-0.92,30.4,0.189,-2.90,16.3,0.115,-2.29,16.5,0.131,,,,,,
9.46,,,,,,,0.45,135.9,0.047,0.15,135.2,0.048,-1.30,30.0,0.172,-0.91,30.7,0.190,-2.88,16.4,0.115,-2.27,16.5,0.132,,,,,,
9.54,,,,,,,0.46,136.3,0.047,0.17,135.6,0.048,-1.28,30.3,0.173,-0.90,31.0,0.191,-2.87,16.4,0.116,-2.26,16.6,0.133,,,,,,
9.63,,,,,,,0.47,136.8,0.047,0.19,136.1,0.048,-1.27,30.6,0.174,-0.89,31.4,0.192,-2.85,16.4,0.117,-2.24,16.6,0.134,,,,,,
9.71,,,,,,,0.48,137.2,0.047,0.20,136.5,0.048,-1.26,30.9,0.175,-0.88,31.7,0.193,-2.83,16.5,0.117,-2.23,16.7,0.134,,,,,,
9.79,,,,,,,0.49,137.6,0.047,0.22,136.9,0.048,-1.25,31.2,0.176,-0.87,32.0,0.194,-2.81,16.5,0.118,-2.21,16.7,0.135,,,,,,
9.88,,,,,,,0.49,138.0,0.047,0.24,137.3,0.048,-1.23,31.5,0.177,-0.86,32.4,0.194,-2.80,16.6,0.119,-2.20,16.8,0.136,,,,,,
9.96,,,,,,,0.50,138.4,0.047,0.26,137.8,0.049,-1.22,31.8,0.178,-0.86,32.7,0.195,-2.78,16.6,0.119,-2.18,16.8,0.136,,,,,,
10.04,,,,,,,0.51,138.8,0.048,0.28,138.2,0.049,-1.21,32.1,0.179,-0.85,33.1,0.196,-2.77,16.6,0.120,-2.17,16.9,0.137,,,,,,
10.13,,,,,,,0.51,139.2,0.048,0.31,138.7,0.049,-1.19,32.4,0.180,-0.84,33.4,0.197,-2.75,16.7,0.121,-2.16,16.9,0.138,,,,,,
10.21,,,,,,,0.51,139.6,0.048,0.34,139.1,0.049,-1.18,32.7,0.181,-0.83,33.8,0.197,-2.73,16.7,0.121,-2.15,17.0,0.138,,,,,,
10.29,,,,,,,0.52,140.0,0.048,0.37,139.6,0.049,-1.16,33.0,0.182,-0.83,34.1,0.198,-2.72,16.8,0.122,-2.13,17.0,0.139,,,,,,
10.38,,,,,,,0.52,140.4,0.048,0.40,140.1,0.049,-1.15,33.3,0.183,-0.82,34.5,0.199,-2.70,16.8,0.123,-2.12,17.1,0.140,,,,,,
10.46,,,,,,,0.52,140.9,0.048,0.43,140.5,0.050,-1.13,33.7,0.184,-0.81,34.8,0.199,-2.69,16.9,0.123,-2.11,17.1,0.140,,,,,,
10.54,,,,,,,0.52,141.3,0.048,0.47,141.0,0.050,-1.12,34.0,0.185,-0.81,35.2,0.200,-2.67,16.9,0.124,-2.10,17.2,0.141,,,,,,
10.63,,,,,,,0.52,141.7,0.048,0.51,141.5,0.050,-1.10,34.3,0.186,-0.80,35.6,0.200,-2.66,17.0,0.124,-2.09,17.2,0.141,,,,,,
10.71,,,,,,,0.51,142.1,0.049,0.55,142.1,0.050,-1.08,34.7,0.187,-0.80,35.9,0.201,-2.65,17.0,0.125,-2.08,17.3,0.142,,,,,,
10.79,,,,,,,0.51,142.5,0.049,0.60,142.6,0.050,-1.07,35.0,0.188,-0.80,36.3,0.201,-2.63,17.1,0.125,-2.07,17.3,0.142,,,,,,
10.88,,,,,,,0.50,142.9,0.049,0.64,143.1,0.050,-1.05,35.4,0.188,-0.79,36.7,0.201,-2.62,17.1,0.126,-2.06,17.4,0.143,,,,,,
10.96,,,,,,,0.50,143.3,0.049,0.69,143.7,0.050,-1.04,35.7,0.189,-0.79,37.0,0.202,-2.60,17.2,0.126,-2.05,17.4,0.143,,,,,,
11.04,,,,,,,0.49,143.7,0.049,0.74,144.3,0.051,-1.02,36.1,0.190,-0.79,37.4,0.202,-2.59,17.2,0.127,-2.05,17.5,0.144,,,,,,
11.13,,,,,,,0.48,144.2,0.049,0.80,144.8,0.051,-1.00,36.4,0.191,-0.79,37.8,0.202,-2.58,17.3,0.127,-2.04,17.5,0.144,,,,,,
11.21,,,,,,,0.47,144.6,0.049,0.85,145.4,0.051,-0.99,36.8,0.192,-0.78,38.1,0.202,-2.56,17.3,0.128,-2.03,17.6,0.145,,,,,,
11.29,,,,,,,0.46,145.0,0.049,0.90,146.0,0.051,-0.97,37.2,0.192,-0.78,38.5,0.203,-2.55,17.3,0.128,-2.02,17.6,0.145,,,,,,
11.38,,,,,,,0.45,145.5,0.049,0.96,146.6,0.050,-0.96,37.5,0.193,-0.78,38.9,0.203,-2.54,17.4,0.129,-2.02,17.7,0.146,,,,,,
11.46,,,,,,,0.44,145.9,0.049,1.01,147.2,0.050,-0.94,37.9,0.193,-0.79,39.2,0.203,-2.53,17.5,0.129,-2.01,17.7,0.146,,,,,,
11.54,,,,,,,0.43,146.4,0.049,1.06,147.8,0.050,-0.92,38.3,0.194,-0.79,39.6,0.203,-2.52,17.5,0.129,-2.00,17.8,0.146,,,,,,
11.63,,,,,,,0.43,146.8,0.050,1.11,148.5,0.050,-0.91,38.7,0.195,-0.79,40.0,0.203,-2.50,17.6,0.130,-2.00,17.8,0.147,,,,,,
11.71,,,,,,,0.42,147.3,0.050,1.16,149.1,0.050,-0.89,39.1,0.195,-0.79,40.4,0.203,-2.49,17.6,0.130,-1.99,17.9,0.147,,,,,,
11.79,,,,,,,0.42,147.8,0.050,1.20,149.7,0.050,-0.88,39.5,0.196,-0.79,40.7,0.203,-2.48,17.7,0.130,-1.99,17.9,0.147,,,,,,
11.88,,,,,,,0.42,148.3,0.050,1.24,150.3,0.049,-0.87,39.9,0.196,-0.80,41.1,0.203,-2.47,17.7,0.131,-1.98,18.0,0.148,,,,,,
11.96,,,,,,,0.42,148.8,0.050,1.27,150.9,0.049,-0.85,40.3,0.196,-0.80,41.5,0.202,-2.46,17.8,0.131,-1.98,18.0,0.148,,,,,,
12.04,,,,,,,0.42,149.3,0.050,1.30,151.5,0.049,-0.84,40.7,0.197,-0.81,41.8,0.202,-2.45,17.8,0.131,-1.98,18.1,0.148,,,,,,
12.13,,,,,,,0.43,149.8,0.050,1.33,152.1,0.048,-0.82,41.1,0.197,-0.81,42.2,0.202,-2.44,17.9,0.132,-1.97,18.2,0.149,,,,,,
12.21,,,,,,,0.44,150.4,0.050,1.34,152.6,0.048,-0.81,41.5,0.197,-0.82,42.6,0.202,-2.43,17.9,0.132,-1.97,18.2,0.149,,,,,,
12.29,,,,,,,0.46,150.9,0.050,1.36,153.2,0.047,-0.80,41.9,0.197,-0.83,42.9,0.202,-2.42,18.0,0.132,-1.97,18.3,0.149,,,,,,
12.38,,,,,,,0.48,151.5,0.050,1.36,153.7,0.047,-0.78,42.3,0.197,-0.83,43.3,0.201,-2.41,18.0,0.133,-1.96,18.3,0.149,,,,,,
12.46,,,,,,,0.50,152.1,0.050,1.36,154.3,0.047,-0.77,42.8,0.197,-0.84,43.6,0.201,-2.40,18.1,0.133,-1.96,18.4,0.150,,,,,,
12.54,,,,,,,0.53,152.7,0.050,1.36,154.8,0.046,-0.76,43.2,0.197,-0.85,44.0,0.200,-2.39,18.1,0.133,-1.96,18.4,0.150,,,,,,
12.63,,,,,,,0.57,153.3,0.050,1.35,155.2,0.046,-0.75,43.6,0.197,-0.86,44.3,0.200,-2.38,18.2,0.133,-1.96,18.5,0.150,,,,,,
12.71,,,,,,,0.61,153.9,0.050,1.33,155.7,0.045,-0.74,44.1,0.197,-0.87,44.7,0.200,-2.37,18.2,0.133,-1.96,18.5,0.150,,,,,,
12.79,,,,,,,0.65,154.5,0.050,1.32,156.1,0.045,-0.73,44.5,0.197,-0.88,45.0,0.199,-2.36,18.3,0.134,-1.96,18.6,0.150,,,,,,
12.88,,,,,,,0.70,155.1,0.050,1.29,156.6,0.045,-0.72,44.9,0.197,-0.89,45.3,0.199,-2.35,18.4,0.134,-1.96,18.6,0.150,,,,,,
12.96,,,,,,,0.76,155.8,0.050,1.27,157.0,0.044,-0.71,45.4,0.197,-0.90,45.7,0.198,-2.34,18.4,0.134,-1.95,18.7,0.151,,,,,,
13.04,,,,,,,0.82,156.4,0.050,1.24,157.3,0.044,-0.70,45.8,0.197,-0.92,46.0,0.197,-2.33,18.5,0.134,-1.95,18.7,0.151,,,,,,
13.13,,,,,,,0.88,157.1,0.050,1.22,157.7,0.044,-0.69,46.3,0.196,-0.93,46.3,0.197,-2.32,18.5,0.134,-1.96,18.8,0.151,,,,,,
13.21,,,,,,,0.95,157.7,0.050,1.19,158.0,0.043,-0.68,46.7,0.196,-0.94,46.6,0.196,-2.31,18.6,0.134,-1.96,18.8,0.151,,,,,,
13.29,,,,,,,1.01,158.4,0.050,1.16,158.4,0.043,-0.67,47.2,0.196,-0.96,46.9,0.195,-2.30,18.6,0.135,-1.96,18.9,0.151,,,,,,
13.38,,,,,,,1.09,159.0,0.050,1.13,158.7,0.043,-0.67,47.6,0.195,-0.97,47.2,0.195,-2.29,18.7,0.135,-1.96,18.9,0.151,,,,,,
13.46,,,,,,,1.16,159.7,0.050,1.10,158.9,0.042,-0.66,48.1,0.195,-0.99,47.5,0.194,-2.29,18.8,0.135,-1.96,19.0,0.151,,,,,,
13.54,,,,,,,1.23,160.3,0.050,1.08,159.2,0.042,-0.65,48.5,0.194,-1.00,47.8,0.193,-2.28,18.8,0.135,-1.96,19.0,0.151,,,,,,
13.63,,,,,,,1.31,161.0,0.050,1.05,159.5,0.042,-0.65,49.0,0.194,-1.02,48.1,0.193,-2.27,18.9,0.135,-1.96,19.1,0.151,,,,,,
13.71,,,,,,,1.38,161.6,0.050,1.03,159.7,0.042,-0.64,49.4,0.193,-1.04,48.4,0.192,-2.26,18.9,0.135,-1.97,19.2,0.151,,,,,,
13.79,,,,,,,1.46,162.3,0.050,1.01,159.9,0.041,-0.64,49.9,0.193,-1.05,48.7,0.191,-2.25,19.0,0.135,-1.97,19.2,0.151,,,,,,
13.88,,,,,,,1.53,162.9,0.049,0.99,160.1,0.041,-0.64,50.3,0.192,-1.07,49.0,0.190,-2.24,19.0,0.135,-1.97,19.3,0.151,,,,,,
13.96,,,,,,,1.60,163.5,0.049,0.97,160.3,0.041,-0.63,50.8,0.191,-1.09,49.2,0.189,-2.24,19.1,0.135,-1.97,19.3,0.151,,,,,,
14.04,,,,,,,1.67,164.1,0.049,0.96,160.5,0.041,-0.63,51.2,0.191,-1.11,49.5,0.189,-2.23,19.2,0.135,-1.98,19.4,0.151,,,,,,
14.13,,,,,,,1.74,164.7,0.049,0.94,160.6,0.041,-0.63,51.7,0.190,-1.13,49.7,0.188,-2.22,19.2,0.135,-1.98,19.4,0.151,,,,,,
14.21,,,,,,,1.80,165.3,0.049,0.93,160.8,0.041,-0.63,52.1,0.189,-1.15,50.0,0.187,-2.21,19.3,0.135,-1.98,19.5,0.151,,,,,,
14.29,,,,,,,1.86,165.9,0.048,0.92,160.9,0.041,-0.63,52.6,0.189,-1.17,50.2,0.186,-2.20,19.3,0.135,-1.99,19.5,0.151,,,,,,
14.38,,,,,,,1.92,166.4,0.048,0.91,161.1,0.041,-0.63,53.0,0.188,-1.19,50.5,0.185,-2.20,19.4,0.135,-1.99,19.6,0.151,,,,,,
14.46,,,,,,,1.97,167.0,0.048,0.91,161.2,0.040,-0.63,53.5,0.187,-1.22,50.7,0.184,-2.19,19.4,0.135,-2.00,19.6,0.151,,,,,,
14.54,,,,,,,2.02,167.5,0.048,0.90,161.3,0.040,-0.63,53.9,0.186,-1.24,50.9,0.183,-2.18,19.5,0.135,-2.00,19.6,0.151,,,,,,
14.63,,,,,,,2.06,168.0,0.047,0.90,161.4,0.040,-0.64,54.4,0.186,-1.26,51.1,0.182,-2.17,19.6,0.135,-2.01,19.7,0.151,,,,,,
14.71,,,,,,,2.10,168.4,0.047,0.90,161.5,0.040,-0.64,54.8,0.185,-1.28,51.4,0.182,-2.16,19.6,0.135,-2.01,19.7,0.151,,,,,,
14.79,,,,,,,2.13,168.9,0.047,0.89,161.6,0.040,-0.65,55.2,0.184,-1.31,51.6,0.181,-2.16,19.7,0.135,-2.02,19.8,0.151,,,,,,
14.88,,,,,,,2.16,169.3,0.046,0.89,161.7,0.040,-0.65,55.6,0.183,-1.33,51.8,0.180,-2.15,19.7,0.135,-2.02,19.8,0.151,,,,,,
14.96,,,,,,,2.19,169.7,0.046,0.89,161.8,0.040,-0.66,56.1,0.182,-1.35,51.9,0.179,-2.14,19.8,0.135,-2.03,19.9,0.151,,,,,,
15.04,,,,,,,2.21,170.1,0.046,0.90,161.9,0.040,-0.67,56.5,0.182,-1.38,52.1,0.178,-2.13,19.9,0.135,-2.03,19.9,0.151,,,,,,
15.13,,,,,,,2.22,170.5,0.046,0.90,162.0,0.040,-0.67,56.9,0.181,-1.40,52.3,0.177,-2.12,19.9,0.135,-2.04,20.0,0.150,,,,,,
15.21,,,,,,,2.23,170.9,0.045,0.90,162.0,0.040,-0.68,57.3,0.180,-1.42,52.5,0.176,-2.12,20.0,0.135,-2.05,20.0,0.150,,,,,,
15.29,,,,,,,2.23,171.2,0.045,0.90,162.1,0.040,-0.69,57.7,0.179,-1.45,52.7,0.175,-2.11,20.0,0.135,-2.05,20.1,0.150,,,,,,
15.38,,,,,,,2.24,171.6,0.045,0.91,162.2,0.040,-0.70,58.1,0.178,-1.47,52.8,0.174,-2.10,20.1,0.135,-2.06,20.1,0.150,,,,,,
15.46,,,,,,,2.23,171.9,0.045,0.91,162.2,0.040,-0.71,58.5,0.178,-1.49,53.0,0.174,-2.09,20.2,0.135,-2.07,20.2,0.150,,,,,,
15.54,,,,,,,2.23,172.2,0.044,0.91,162.3,0.040,-0.72,58.9,0.177,-1.52,53.1,0.173,-2.09,20.2,0.135,-2.07,20.2,0.150,,,,,,
15.63,,,,,,,2.21,172.4,0.044,0.92,162.3,0.040,-0.74,59.3,0.176,-1.54,53.3,0.172,-2.08,20.3,0.135,-2.08,20.2,0.150,,,,,,
15.71,,,,,,,2.20,172.7,0.044,0.92,162.4,0.040,-0.75,59.7,0.175,-1.56,53.4,0.171,-2.07,20.3,0.135,-2.09,20.3,0.150,,,,,,
15.79,,,,,,,2.18,172.9,0.044,0.93,162.4,0.040,-0.76,60.0,0.175,-1.59,53.6,0.170,-2.06,20.4,0.134,-2.10,20.3,0.149,,,,,,
15.88,,,,,,,2.16,173.2,0.043,0.93,162.5,0.040,-0.77,60.4,0.174,-1.61,53.7,0.170,-2.05,20.4,0.134,-2.10,20.4,0.149,,,,,,
15.96,,,,,,,2.14,173.4,0.043,0.94,162.5,0.040,-0.79,60.7,0.173,-1.63,53.8,0.169,-2.05,20.5,0.134,-2.11,20.4,0.149,,,,,,
16.04,,,,,,,2.11,173.6,0.043,0.94,162.6,0.040,-0.80,61.1,0.172,-1.65,53.9,0.168,-2.04,20.6,0.134,-2.12,20.5,0.149,,,,,,
16.13,,,,,,,2.09,173.8,0.043,0.95,162.6,0.040,-0.82,61.4,0.172,-1.67,54.1,0.167,-2.03,20.6,0.134,-2.13,20.5,0.149,,,,,,
16.21,,,,,,,2.06,174.0,0.043,0.95,162.6,0.040,-0.83,61.8,0.171,-1.69,54.2,0.167,-2.02,20.7,0.134,-2.13,20.5,0.149,,,,,,
16.29,,,,,,,2.03,174.2,0.043,0.96,162.7,0.040,-0.85,62.1,0.170,-1.71,54.3,0.166,-2.02,20.7,0.134,-2.14,20.6,0.149,,,,,,
16.38,,,,,,,1.99,174.3,0.042,0.96,162.7,0.040,-0.86,62.4,0.170,-1.73,54.4,0.166,-2.01,20.8,0.134,-2.15,20.6,0.149,,,,,,
16.46,,,,,,,1.96,174.5,0.042,0.97,162.7,0.040,-0.88,62.7,0.169,-1.75,54.5,0.165,-2.00,20.8,0.134,-2.16,20.7,0.148,,,,,,
16.54,,,,,,,1.93,174.6,0.042,0.97,162.8,0.040,-0.89,63.0,0.169,-1.76,54.6,0.164,-1.99,20.9,0.134,-2.17,20.7,0.148,,,,,,
16.63,,,,,,,1.89,174.8,0.042,0.98,162.8,0.040,-0.91,63.3,0.168,-1.78,54.7,0.164,-1.99,21.0,0.134,-2.18,20.7,0.148,,,,,,
16.71,,,,,,,1.86,174.9,0.042,0.98,162.8,0.040,-0.92,63.6,0.168,-1.79,54.8,0.163,-1.98,21.0,0.133,-2.18,20.8,0.148,,,,,,
16.79,,,,,,,1.83,175.0,0.042,0.99,162.9,0.040,-0.93,63.9,0.167,-1.81,54.9,0.163,-1.97,21.1,0.133,-2.19,20.8,0.148,,,,,,
16.88,,,,,,,1.79,175.1,0.042,0.99,162.9,0.040,-0.95,64.2,0.167,-1.82,55.0,0.162,-1.96,21.1,0.133,-2.20,20.8,0.148,,,,,,
16.96,,,,,,,1.76,175.2,0.042,0.99,162.9,0.040,-0.96,64.4,0.166,-1.83,55.1,0.162,-1.96,21.2,0.133,-2.21,20.9,0.148,,,,,,
17.04,,,,,,,1.72,175.3,0.041,1.00,162.9,0.040,-0.97,64.7,0.166,-1.84,55.2,0.162,-1.95,21.2,0.133,-2.22,20.9,0.148,,,,,,
17.13,,,,,,,1.69,175.4,0.041,1.00,162.9,0.040,-0.99,65.0,0.165,-1.85,55.3,0.161,-1.94,21.3,0.133,-2.22,20.9,0.148,,,,,,
17.21,,,,,,,1.66,175.5,0.041,1.01,163.0,0.040,-1.00,65.2,0.165,-1.85,55.4,0.161,-1.94,21.4,0.133,-2.23,21.0,0.148,,,,,,
17.29,,,,,,,1.63,175.6,0.041,1.01,163.0,0.040,-1.01,65.4,0.164,-1.86,55.4,0.161,-1.93,21.4,0.133,-2.24,21.0,0.147,,,,,,
17.38,,,,,,,1.60,175.7,0.041,1.02,163.0,0.040,-1.02,65.7,0.164,-1.86,55.5,0.161,-1.92,21.5,0.133,-2.25,21.0,0.147,,,,,,
17.46,,,,,,,1.57,175.8,0.041,1.02,163.0,0.040,-1.03,65.9,0.164,-1.87,55.6,0.161,-1.92,21.5,0.133,-2.25,21.1,0.147,,,,,,
17.54,,,,,,,1.54,175.8,0.041,1.03,163.0,0.040,-1.04,66.1,0.163,-1.87,55.7,0.160,-1.91,21.6,0.133,-2.26,21.1,0.147,,,,,,
17.63,,,,,,,1.52,175.9,0.041,1.03,163.1,0.040,-1.04,66.3,0.163,-1.87,55.8,0.160,-1.90,21.6,0.133,-2.27,21.1,0.147,,,,,,
17.71,,,,,,,1.49,176.0,0.041,1.03,163.1,0.040,-1.05,66.5,0.163,-1.87,55.9,0.160,-1.90,21.7,0.132,-2.28,21.2,0.147,,,,,,
17.79,,,,,,,1.47,176.0,0.041,1.04,163.1,0.040,-1.06,66.7,0.163,-1.87,56.0,0.160,-1.89,21.7,0.132,-2.28,21.2,0.147,,,,,,
17.88,,,,,,,1.44,176.1,0.041,1.04,163.1,0.040,-1.06,66.9,0.162,-1.86,56.1,0.160,-1.89,21.8,0.132,-2.29,21.2,0.147,,,,,,
17.96,,,,,,,1.42,176.1,0.041,1.04,163.1,0.040,-1.06,67.1,0.162,-1.86,56.1,0.160,-1.88,21.8,0.132,-2.30,21.2,0.147,,,,,,
18.04,,,,,,,1.40,176.2,0.041,1.05,163.1,0.040,-1.07,67.3,0.162,-1.85,56.2,0.160,-1.87,21.9,0.132,-2.30,21.3,0.147,,,,,,
18.13,,,,,,,1.38,176.2,0.041,1.05,163.1,0.040,-1.07,67.5,0.162,-1.84,56.3,0.160,-1.87,21.9,0.132,-2.31,21.3,0.147,,,,,,
18.21,,,,,,,1.36,176.3,0.041,1.05,163.2,0.040,-1.07,67.6,0.162,-1.83,56.4,0.161,-1.87,22.0,0.132,-2.32,21.3,0.147,,,,,,
18.29,,,,,,,1.34,176.3,0.041,1.06,163.2,0.040,-1.07,67.8,0.161,-1.82,56.5,0.161,-1.86,22.1,0.132,-2.32,21.4,0.147,,,,,,
18.38,,,,,,,1.33,176.4,0.041,1.06,163.2,0.040,-1.07,68.0,0.161,-1.81,56.6,0.161,-1.86,22.1,0.132,-2.33,21.4,0.147,,,,,,
18.46,,,,,,,1.31,176.4,0.040,1.06,163.2,0.040,-1.06,68.1,0.161,-1.80,56.7,0.161,-1.85,22.2,0.132,-2.33,21.4,0.148,,,,,,
18.54,,,,,,,1.30,176.4,0.040,1.07,163.2,0.040,-1.06,68.3,0.161,-1.79,56.8,0.161,-1.85,22.2,0.132,-2.34,21.4,0.148,,,,,,
18.63,,,,,,,1.28,176.5,0.040,1.07,163.2,0.040,-1.06,68.5,0.161,-1.77,56.9,0.162,-1.85,22.3,0.132,-2.34,21.4,0.148,,,,,,
18.71,,,,,,,1.27,176.5,0.040,1.07,163.2,0.040,-1.05,68.6,0.161,-1.76,57.0,0.162,-1.84,22.3,0.132,-2.34,21.5,0.148,,,,,,
18.79,,,,,,,1.26,176.5,0.040,1.08,163.2,0.040,-1.05,68.8,0.160,-1.74,57.1,0.162,-1.84,22.4,0.132,-2.35,21.5,0.148,,,,,,
18.88,,,,,,,1.25,176.6,0.040,1.08,163.2,0.040,-1.04,68.9,0.160,-1.73,57.2,0.163,-1.84,22.4,0.132,-2.35,21.5,0.148,,,,,,
18.96,,,,,,,1.24,176.6,0.040,1.08,163.3,0.040,-1.03,69.1,0.160,-1.71,57.3,0.163,-1.84,22.5,0.132,-2.35,21.5,0.149,,,,,,
19.04,,,,,,,1.23,176.6,0.040,1.08,163.3,0.040,-1.02,69.2,0.160,-1.69,57.4,0.163,-1.84,22.5,0.133,-2.36,21.6,0.149,,,,,,
19.13,,,,,,,1.22,176.6,0.040,1.09,163.3,0.040,-1.01,69.3,0.160,-1.68,57.4,0.163,-1.83,22.5,0.133,-2.36,21.6,0.149,,,,,,
19.21,,,,,,,1.21,176.7,0.040,1.09,163.3,0.040,-1.00,69.5,0.160,-1.66,57.5,0.164,-1.83,22.6,0.133,-2.36,21.6,0.149,,,,,,
19.29,,,,,,,1.21,176.7,0.040,1.09,163.3,0.040,-1.00,69.6,0.160,-1.64,57.6,0.164,-1.83,22.6,0.133,-2.36,21.6,0.150,,,,,,
19.38,,,,,,,1.20,176.7,0.040,1.09,163.3,0.040,-0.98,69.7,0.160,-1.62,57.7,0.164,-1.83,22.7,0.133,-2.36,21.6,0.150,,,,,,
19.46,,,,,,,1.19,176.7,0.040,1.10,163.3,0.040,-0.97,69.9,0.160,-1.61,57.8,0.165,-1.83,22.7,0.133,-2.36,21.6,0.150,,,,,,
19.54,,,,,,,1.19,176.8,0.040,1.10,163.3,0.040,-0.96,70.0,0.160,-1.59,57.9,0.165,-1.83,22.8,0.133,-2.36,21.7,0.151,,,,,,
19.63,,,,,,,1.18,176.8,0.040,1.10,163.3,0.040,-0.95,70.1,0.160,-1.57,58.0,0.165,-1.83,22.8,0.134,-2.36,21.7,0.151,,,,,,
19.71,,,,,,,1.18,176.8,0.040,1.10,163.3,0.040,-0.94,70.2,0.160,-1.56,58.0,0.166,-1.84,22.9,0.134,-2.36,21.7,0.151,,,,,,
19.79,,,,,,,1.18,176.8,0.040,1.10,163.3,0.040,-0.94,70.4,0.161,-1.54,58.1,0.166,-1.84,22.9,0.134,-2.35,21.7,0.152,,,,,,
19.88,,,,,,,1.17,176.8,0.040,1.11,163.3,0.040,-0.93,70.5,0.161,-1.53,58.2,0.166,-1.84,23.0,0.134,-2.35,21.7,0.152,,,,,,
19.96,,,,,,,1.17,176.8,0.040,1.11,163.3,0.040,-0.92,70.6,0.161,-1.52,58.2,0.167,-1.84,23.0,0.134,-2.35,21.7,0.153,,,,,,